<?xml version="1.0" encoding="UTF-8" standalone="yes"?>
<manifest>
  <control namespace="CV" constructor="ConnectionViewerComponent" version="0.0.2" display-name-key="TS_DataSetGrid_Display_Key" description-key="TSDataSetGrid_Desc_Key" control-type="standard" api-version="1.2.3">
    <data-set name="dataSetGrid" display-name-key="DataSetGridProperty_Display_Key"/>
    <resources>
      <code path="bundle.js" order="1"/>
      <css path="css/ConnectionViewer.css" order="2"/>
      <resx path="strings/ConnectionViewer.1033.resx" version="1.0.0"/>
      <resx path="strings/ConnectionViewer.1041.resx" version="1.0.0"/>
    </resources>
    <built-by name="pac" version="1.3.3"/>
  </control>
</manifest>